<?xml version="1.0" encoding="UTF-8"?>
<classpath>
	<classpathentry kind="src" output="target/test-classes" path="src/test/java">
		<attributes>
			<attribute name="optional" value="true"/>
			<attribute name="maven.pomderived" value="true"/>
		</attributes>
	</classpathentry>
	<classpathentry excluding="**" kind="src" output="target/test-classes" path="src/test/resources">
		<attributes>
			<attribute name="maven.pomderived" value="true"/>
		</attributes>
	</classpathentry>
	<classpathentry kind="src" output="target/classes" path="src/main/java">
		<attributes>
			<attribute name="optional" value="true"/>
			<attribute name="maven.pomderived" value="true"/>
		</attributes>
	</classpathentry>
	<classpathentry kind="var" path="M2_REPO/javax/servlet/javax.servlet-api/3.1.0/javax.servlet-api-3.1.0.jar"/>
	<classpathentry kind="con" path="org.eclipse.jdt.launching.JRE_CONTAINER/org.eclipse.jdt.internal.debug.ui.launcher.StandardVMType/J2SE-1.5">
		<attributes>
			<attribute name="maven.pomderived" value="true"/>
		</attributes>
	</classpathentry>
	<classpathentry kind="var" path="M2_REPO/org/seleniumhq/selenium/selenium-server/2.53.1/selenium-server-2.53.1.jar"/>
	<classpathentry kind="var" path="M2_REPO/com/beust/jcommander/1.48/jcommander-1.48.jar"/>
	<classpathentry kind="var" path="M2_REPO/org/bouncycastle/bcprov-jdk15on/1.48/bcprov-jdk15on-1.48.jar"/>
	<classpathentry kind="var" path="M2_REPO/org/bouncycastle/bcpkix-jdk15on/1.48/bcpkix-jdk15on-1.48.jar"/>
	<classpathentry kind="var" path="M2_REPO/mx4j/mx4j-tools/3.0.1/mx4j-tools-3.0.1.jar"/>
	<classpathentry kind="var" path="M2_REPO/org/seleniumhq/selenium/jetty-repacked/9.2.13.v20150730/jetty-repacked-9.2.13.v20150730.jar"/>
	<classpathentry kind="var" path="M2_REPO/org/seleniumhq/selenium/jetty-rc-repacked/5/jetty-rc-repacked-5.jar"/>
	<classpathentry kind="var" path="M2_REPO/net/jcip/jcip-annotations/1.0/jcip-annotations-1.0.jar"/>
	<classpathentry kind="var" path="M2_REPO/org/seleniumhq/selenium/selenium-java/2.53.1/selenium-java-2.53.1.jar"/>
	<classpathentry kind="var" path="M2_REPO/org/seleniumhq/selenium/selenium-chrome-driver/2.53.1/selenium-chrome-driver-2.53.1.jar"/>
	<classpathentry kind="var" path="M2_REPO/org/seleniumhq/selenium/selenium-remote-driver/2.53.1/selenium-remote-driver-2.53.1.jar"/>
	<classpathentry kind="var" path="M2_REPO/cglib/cglib-nodep/2.1_3/cglib-nodep-2.1_3.jar"/>
	<classpathentry kind="var" path="M2_REPO/com/google/code/gson/gson/2.3.1/gson-2.3.1.jar"/>
	<classpathentry kind="var" path="M2_REPO/org/seleniumhq/selenium/selenium-api/2.53.1/selenium-api-2.53.1.jar"/>
	<classpathentry kind="var" path="M2_REPO/com/google/guava/guava/19.0/guava-19.0.jar" sourcepath="M2_REPO/com/google/guava/guava/19.0/guava-19.0-sources.jar"/>
	<classpathentry kind="var" path="M2_REPO/org/apache/httpcomponents/httpclient/4.5.1/httpclient-4.5.1.jar"/>
	<classpathentry kind="var" path="M2_REPO/org/apache/httpcomponents/httpcore/4.4.3/httpcore-4.4.3.jar"/>
	<classpathentry kind="var" path="M2_REPO/commons-logging/commons-logging/1.2/commons-logging-1.2.jar"/>
	<classpathentry kind="var" path="M2_REPO/commons-codec/commons-codec/1.10/commons-codec-1.10.jar"/>
	<classpathentry kind="var" path="M2_REPO/org/apache/commons/commons-exec/1.3/commons-exec-1.3.jar"/>
	<classpathentry kind="var" path="M2_REPO/net/java/dev/jna/jna/4.1.0/jna-4.1.0.jar"/>
	<classpathentry kind="var" path="M2_REPO/net/java/dev/jna/jna-platform/4.1.0/jna-platform-4.1.0.jar"/>
	<classpathentry kind="var" path="M2_REPO/org/seleniumhq/selenium/selenium-edge-driver/2.53.1/selenium-edge-driver-2.53.1.jar"/>
	<classpathentry kind="var" path="M2_REPO/commons-io/commons-io/2.4/commons-io-2.4.jar"/>
	<classpathentry kind="var" path="M2_REPO/org/seleniumhq/selenium/htmlunit-driver/2.21/htmlunit-driver-2.21.jar"/>
	<classpathentry kind="var" path="M2_REPO/net/sourceforge/htmlunit/htmlunit/2.21/htmlunit-2.21.jar"/>
	<classpathentry kind="var" path="M2_REPO/xalan/xalan/2.7.2/xalan-2.7.2.jar"/>
	<classpathentry kind="var" path="M2_REPO/xalan/serializer/2.7.2/serializer-2.7.2.jar"/>
	<classpathentry kind="var" path="M2_REPO/org/apache/commons/commons-lang3/3.4/commons-lang3-3.4.jar"/>
	<classpathentry kind="var" path="M2_REPO/org/apache/httpcomponents/httpmime/4.5.2/httpmime-4.5.2.jar"/>
	<classpathentry kind="var" path="M2_REPO/net/sourceforge/htmlunit/htmlunit-core-js/2.17/htmlunit-core-js-2.17.jar"/>
	<classpathentry kind="var" path="M2_REPO/net/sourceforge/htmlunit/neko-htmlunit/2.21/neko-htmlunit-2.21.jar"/>
	<classpathentry kind="var" path="M2_REPO/xerces/xercesImpl/2.11.0/xercesImpl-2.11.0.jar"/>
	<classpathentry kind="var" path="M2_REPO/xml-apis/xml-apis/1.4.01/xml-apis-1.4.01.jar"/>
	<classpathentry kind="var" path="M2_REPO/net/sourceforge/cssparser/cssparser/0.9.18/cssparser-0.9.18.jar"/>
	<classpathentry kind="var" path="M2_REPO/org/w3c/css/sac/1.3/sac-1.3.jar"/>
	<classpathentry kind="var" path="M2_REPO/org/eclipse/jetty/websocket/websocket-client/9.2.15.v20160210/websocket-client-9.2.15.v20160210.jar"/>
	<classpathentry kind="var" path="M2_REPO/org/eclipse/jetty/jetty-util/9.2.15.v20160210/jetty-util-9.2.15.v20160210.jar"/>
	<classpathentry kind="var" path="M2_REPO/org/eclipse/jetty/jetty-io/9.2.15.v20160210/jetty-io-9.2.15.v20160210.jar"/>
	<classpathentry kind="var" path="M2_REPO/org/eclipse/jetty/websocket/websocket-common/9.2.15.v20160210/websocket-common-9.2.15.v20160210.jar"/>
	<classpathentry kind="var" path="M2_REPO/org/eclipse/jetty/websocket/websocket-api/9.2.15.v20160210/websocket-api-9.2.15.v20160210.jar"/>
	<classpathentry kind="var" path="M2_REPO/commons-collections/commons-collections/3.2.2/commons-collections-3.2.2.jar"/>
	<classpathentry kind="var" path="M2_REPO/org/seleniumhq/selenium/selenium-firefox-driver/2.53.1/selenium-firefox-driver-2.53.1.jar"/>
	<classpathentry kind="var" path="M2_REPO/org/seleniumhq/selenium/selenium-ie-driver/2.53.1/selenium-ie-driver-2.53.1.jar"/>
	<classpathentry kind="var" path="M2_REPO/org/seleniumhq/selenium/selenium-safari-driver/2.53.1/selenium-safari-driver-2.53.1.jar"/>
	<classpathentry kind="var" path="M2_REPO/io/netty/netty/3.5.7.Final/netty-3.5.7.Final.jar"/>
	<classpathentry kind="var" path="M2_REPO/org/seleniumhq/selenium/selenium-support/2.53.1/selenium-support-2.53.1.jar"/>
	<classpathentry kind="var" path="M2_REPO/org/seleniumhq/selenium/selenium-leg-rc/2.53.1/selenium-leg-rc-2.53.1.jar"/>
	<classpathentry kind="var" path="M2_REPO/org/yaml/snakeyaml/1.8/snakeyaml-1.8.jar"/>
	<classpathentry kind="var" path="M2_REPO/org/testng/testng/6.9.10/testng-6.9.10.jar"/>
	<classpathentry kind="var" path="M2_REPO/org/beanshell/bsh/2.0b4/bsh-2.0b4.jar"/>
	<classpathentry kind="var" path="M2_REPO/log4j/log4j/1.2.17/log4j-1.2.17.jar"/>
	<classpathentry kind="var" path="M2_REPO/org/apache/poi/poi/3.14/poi-3.14.jar"/>
	<classpathentry kind="var" path="M2_REPO/org/apache/poi/poi-ooxml/3.14/poi-ooxml-3.14.jar"/>
	<classpathentry kind="var" path="M2_REPO/org/apache/poi/poi-ooxml-schemas/3.14/poi-ooxml-schemas-3.14.jar"/>
	<classpathentry kind="var" path="M2_REPO/org/apache/xmlbeans/xmlbeans/2.6.0/xmlbeans-2.6.0.jar"/>
	<classpathentry kind="var" path="M2_REPO/stax/stax-api/1.0.1/stax-api-1.0.1.jar"/>
	<classpathentry kind="var" path="M2_REPO/com/github/virtuald/curvesapi/1.03/curvesapi-1.03.jar"/>
	<classpathentry kind="var" path="M2_REPO/org/apache/poi/poi-excelant/3.14/poi-excelant-3.14.jar"/>
	<classpathentry kind="var" path="M2_REPO/org/apache/ant/ant/1.8.2/ant-1.8.2.jar"/>
	<classpathentry kind="var" path="M2_REPO/org/apache/ant/ant-launcher/1.8.2/ant-launcher-1.8.2.jar"/>
	<classpathentry kind="var" path="M2_REPO/org/apache/poi/poi-examples/3.14/poi-examples-3.14.jar"/>
	<classpathentry kind="var" path="M2_REPO/org/apache/poi/poi-scratchpad/3.14/poi-scratchpad-3.14.jar"/>
	<classpathentry kind="var" path="M2_REPO/net/sf/saxon/saxon/8.7/saxon-8.7.jar"/>
	<classpathentry kind="var" path="M2_REPO/com/relevantcodes/extentreports/2.40.2/extentreports-2.40.2.jar"/>
	<classpathentry kind="var" path="M2_REPO/org/jsoup/jsoup/1.8.3/jsoup-1.8.3.jar"/>
	<classpathentry kind="var" path="M2_REPO/org/xerial/sqlite-jdbc/3.8.11.1/sqlite-jdbc-3.8.11.1.jar"/>
	<classpathentry kind="var" path="M2_REPO/org/freemarker/freemarker/2.3.23/freemarker-2.3.23.jar"/>
	<classpathentry kind="var" path="M2_REPO/postgresql/postgresql/8.4-701.jdbc4/postgresql-8.4-701.jdbc4.jar"/>
	<classpathentry kind="con" path="org.eclipse.m2e.MAVEN2_CLASSPATH_CONTAINER">
		<attributes>
			<attribute name="maven.pomderived" value="true"/>
		</attributes>
	</classpathentry>
	<classpathentry kind="output" path="target/classes"/>
</classpath>
